-0.29153876010020807, 0.15009908587034482
-0.266482682837081, 0.1386198484221124
-0.2507497971137221, 0.12341087143882956
-0.23783329216800148, 0.29179178819316165
-0.22729614339649262, 0.10818508470416699
-0.21302000635122254, 0.30580902806356713
-0.202822765604601, 0.09464513375847927
-0.1793691118873716, 0.08475937973019532
-0.15571151335520972, 0.07039048526164915
-0.13348152852757483, 0.05844746069703599
-0.12226456370629113, 0.4105295260896811
-0.10798842666102104, 0.43470235362798804
-0.1079884266610211, 0.04782126749954396
-0.0814756007198052, 0.032427180723959115
-0.06380038342566119, 0.4858620555982277
-0.057818002187643325, 0.021999059054772507
-0.045581313291697456, 0.5074116167947127
-0.035588017360008384, 0.010712829956719183
-0.016213259941427527, 0.5444497774251426
-0.012134363642778867, 0.005081968298758621
0.062101548992625544, 0.6344799704352446
0.08100043517636413, 0.6553448549309535
0.14367947496559763, 0.7217719967145758
0.1624423979393812, 0.7426938588414673
0.23769803464944794, 0.8068489838271582
0.2509544476200558, 0.8308494607820416
0.2910635945567671, 0.8758179085392879
0.36618326805687884, 0.9449036238935339
0.3926960939980947, 0.951640688708556
0.4141102995659999, 0.9526614254188435
0.4396034014325536, 0.9593974775982403
0.476313468120391, 0.9644312892915328
0.4977276736882962, 0.965252131729389
0.5262799477788364, 0.968407403074215
0.5497336014960658, 0.9733566596927962
0.5742069792879575, 0.9750943424257855
0.5966409089305248, 0.9756877469022026
0.626892723145502, 0.9767172597879092
0.6510941745174837, 0.9787687920556952
0.6710807663808617, 0.9798166674007404
0.7006527645460642, 0.9816450822857552
0.7445008997565367, 0.9862290812342961
0.7848819731131577, 0.9884965749264346
0.8301577220281572, 0.9899122395305833
0.8638086164920081, 0.9919445992305306
0.9158145442997777, 0.9963368049916425
0.9859715606365337, 0.999833233278627
-0.30496453900709214, 0.17288437204345009
-0.309692671394799, 0.18777540666868564
-0.3073286052009455, 0.20565263017036783
-0.30023640661938533, 0.2304858895532691
-0.2872340425531914, 0.24142233678670144
-0.2695035460992907, 0.2583217712419683
-0.25531914893617014, 0.2722385382699356
-0.2033096926713947, 0.32790091111627595
-0.18912529550827423, 0.3447968241223963
-0.17021276595744672, 0.36269048105343005
-0.15602836879432624, 0.3805794427189346
-0.14420803782505914, 0.3935008134547531
-0.07683215130023635, 0.47301161373928624
-0.09456264775413709, 0.45611217928401915
0.021276595744681104, 0.5833374416906714
0.030732860520094607, 0.601221708090647
0.048463356973995286, 0.6131558992489925
0.09574468085106391, 0.6707996741485726
0.18439716312056742, 0.7612551383812136
0.198581560283688, 0.775171905409181
0.21749408983451557, 0.7960447083183675
0.26950354609929106, 0.8507140325053235
0.28250591016548476, 0.8666157230356772
0.3073286052009455, 0.8964318329612339
0.31914893617021267, 0.9103462523564367
0.342789598108747, 0.9361889938280739
-0.03546099290780136, 0.5266773249194177
1.1102230246251565e-16, 0.5664344857862577
0.11702127659574468, 0.6857165327342177
0.12765957446808507, 0.7055880702693442
