0.15596233268647808, 1.0721314383504468
5.05952380952381, 1.0239851558409039
7.724100612031648, 0.9877484461443893
12.498134049858194, 0.9125657400450793
15.273734885803854, 0.8361977210117708
19.714696223316913, 0.707222214195355
23.48951336020302, 0.5986271429547165
27.293936906005868, 0.47447407963936894
30.202197228059305, 0.3532022385328173
32.81553216898044, 0.25412440520911606
35.749738766980144, 0.1249373904332578
38.366733840871774, 0.0185011269722013
40.63479623824452, -0.07675932882544467
42.83730158730158, -0.16602387511478378
45.91636811464397, -0.2575074562302211
48.06283276110862, -0.3295011061023456
50.831031994825096, -0.45634652308206025
53.466002388416186, -0.5541259704482844
56.796723391550984, -0.6601751929513009
59.712954669851214, -0.7702625427832039
63.23611733094492, -0.8566710493363385
66.56683833407972, -0.9351677936388683
70.34165547096582, -1.0113664822530342
75.22671294223018, -1.082315927873779
79.22357814599194, -1.099418300207181
84.13824202617306, -1.1350905751732197
89.65983728914763, -1.0997569610454656
96.54332736229287, -1.0581016779363885
103.64886550231378, -1.0070122714750815
108.11943324874358, -0.9716754320060104
113.67063492063491, -0.9339260372318221
118.97018211673384, -0.8939237415477086
124.29933572174951, -0.8471159756847211
129.85053739364085, -0.8234097170047585
135.4313454744489, -0.8216712580348942
141.3970368711748, -0.7858183639551033
148.97627755386375, -0.7700141915017946
155.6081131512166, -0.7482270109054485
162.04750709061054, -0.7340032556974707
166.9325645618749, -0.730544077134986
172.06927650893167, -0.732761499290425
178.47906403940885, -0.7109743186940785
