-0.21486144305185562, 0.5792480629000755
-0.21142952332535875, 0.5383687228669878
-0.20123080335016436, 0.5026778298172304
-0.19865027919020073, 0.46611873367095247
-0.19288648571520595, 0.611471066164836
-0.19268150453566102, 0.42780792929260203
-0.1682994885098793, 0.3892643523444085
-0.1607585636987915, 0.6489999210847978
-0.1536565350430607, 0.35382371536628043
-0.14684111297873736, 0.3154470155488589
-0.14003078795983426, 0.28163726842791903
-0.13406168894785875, 0.24303583978706533
-0.128629178893941, 0.6852181175660187
-0.12131996124754746, 0.20440057621368957
-0.10180963661274217, 0.16934392914997365
-0.08229399687709771, 0.12952495173431156
-0.07364692064984824, 0.7255766731161082
-0.06109013801604657, 0.09412200540822446
-0.04073246365129546, 0.058370184040128725
-0.02820358529689959, 0.020815388475237784
-0.0006693237908313998, 0.760878233893687
0.07103619567444674, 0.7981658638706247
0.20644807939140275, 0.83394744980342
0.3664105201867587, 0.869805221573937
0.5365283524369805, 0.9087944545090485
0.6812510703510669, 0.9459006208105264
